[
  {
    "text": "Michelle Obama's arms",
    "id": 0
  },
  {
    "text": "A disappointing birthday party",
    "id": 1
  },
  {
    "text": "Puppies!",
    "id": 2
  },
  {
    "text": "Being on fire",
    "id": 3
  },
  {
    "text": "A lifetime of sadness",
    "id": 4
  },
  {
    "text": "Pterodactyl eggs",
    "id": 5
  },
  {
    "text": "Agriculture",
    "id": 76
  },
  {
    "text": "Glenn Beck being harried by a swarm of buzzards",
    "id": 77
  },
  {
    "text": "Mom's new boyfriend",
    "id": 2856
  },
  {
    "text": "Denzel",
    "id": 2854
  },
  {
    "text": "Vegetarian options",
    "id": 2848
  },
  {
    "text": "A crazy little thing called love",
    "id": 2841
  },
  {
    "text": "A zero-risk way to make $2,000 from home",
    "id": 2842
  },
  {
    "text": "Backwards knees",
    "id": 2845
  },
  {
    "text": "Having been dead for a while",
    "id": 2846
  },
  {
    "text": "The Abercrombie & Fitch lifestyle",
    "id": 2849
  },
  {
    "text": "The unbelievable world of mushrooms",
    "id": 2850
  },
  {
    "text": "Being nine years old",
    "id": 2851
  },
  {
    "text": "A disappointing salad",
    "id": 2857
  },
  {
    "text": "A powered exoskeleton",
    "id": 2858
  },
  {
    "text": "Ennui",
    "id": 2859
  },
  {
    "text": "Oil!",
    "id": 2860
  },
  {
    "text": "Making a pouty face",
    "id": 78
  },
  {
    "text": "Exchanging pleasantries",
    "id": 6
  },
  {
    "text": "The forbidden fruit",
    "id": 7
  },
  {
    "text": "Republicans",
    "id": 8
  },
  {
    "text": "The Big Bang",
    "id": 9
  },
  {
    "text": "Agriculture",
    "id": 10
  },
  {
    "text": "Making a pouty face",
    "id": 11
  },
  {
    "text": "Charisma",
    "id": 12
  },
  {
    "text": "YOU MUST CONSTRUCT ADDITIONAL PYLONS",
    "id": 13
  },
  {
    "text": "Taking off your shirt",
    "id": 14
  },
  {
    "text": "Ronald Reagan",
    "id": 15
  },
  {
    "text": "Morgan Freeman's voice",
    "id": 16
  },
  {
    "text": "Breaking out into song and dance",
    "id": 17
  },
  {
    "text": "All-you-can-eat shrimp for $4.99",
    "id": 18
  },
  {
    "text": "Soup that is too hot",
    "id": 19
  },
  {
    "text": "Tom Cruise",
    "id": 20
  },
  {
    "text": "Stifling a giggle at the mention of Hutus and Tutsis",
    "id": 21
  },
  {
    "text": "Edible underpants",
    "id": 22
  },
  {
    "text": "Object permanence",
    "id": 23
  },
  {
    "text": "Consultants",
    "id": 24
  },
  {
    "text": "Intelligent design",
    "id": 25
  },
  {
    "text": "Nocturnal emissions",
    "id": 26
  },
  {
    "text": "Uppercuts",
    "id": 27
  },
  {
    "text": "MechaHitler",
    "id": 44
  },
  {
    "text": "A disappointing birthday party",
    "id": 46
  },
  {
    "text": "Puppies!",
    "id": 47
  },
  {
    "text": "A windmill full of corpses",
    "id": 48
  },
  {
    "text": "Guys who don't call",
    "id": 49
  },
  {
    "text": "Racially-biased SAT questions",
    "id": 50
  },
  {
    "text": "Dying",
    "id": 51
  },
  {
    "text": "Being on fire",
    "id": 53
  },
  {
    "text": "A lifetime of sadness",
    "id": 54
  },
  {
    "text": "The Rapture",
    "id": 59
  },
  {
    "text": "Pterodactyl eggs",
    "id": 60
  },
  {
    "text": "Crippling debt",
    "id": 61
  },
  {
    "text": "Exchanging pleasantries",
    "id": 63
  },
  {
    "text": "Dying of dysentery",
    "id": 64
  },
  {
    "text": "The forbidden fruit",
    "id": 67
  },
  {
    "text": "Republicans",
    "id": 68
  },
  {
    "text": "The Big Bang",
    "id": 69
  },
  {
    "text": "Amputees",
    "id": 71
  },
  {
    "text": "Men",
    "id": 72
  },
  {
    "text": "Russian super-tuberculosis",
    "id": 2832
  },
  {
    "text": "A mouthful of potato salad",
    "id": 2833
  },
  {
    "text": "All these decorative pillows",
    "id": 2834
  },
  {
    "text": "Being worshipped as the one true God",
    "id": 2836
  },
  {
    "text": "The ghost of Marlon Brando",
    "id": 2838
  }
]